category,file,rows,n_unique_patient_id,columns,missing_pct
Sex_birth,date of birth.csv,382537,382537.0,PATIENT_ID;DATE_OF_BIRTH,"{""PATIENT_ID"": 0.0, ""DATE_OF_BIRTH"": 0.0}"
Sex_birth,females patients.csv,238893,238893.0,PATIENT_ID;SEX,"{""PATIENT_ID"": 0.0, ""SEX"": 0.0}"
Sex_birth,males patients.csv,143644,143644.0,PATIENT_ID;SEX,"{""PATIENT_ID"": 0.0, ""SEX"": 0.0}"
Diagnosis,DIAGNOSIS Direct.csv,238529,142449.0,PATIENT_ID;PROBLEM_ID;CODE_NUMBER;DIAGNOSIS;DATE_ENTERED,"{""PATIENT_ID"": 0.0, ""PROBLEM_ID"": 0.0, ""CODE_NUMBER"": 0.0, ""DIAGNOSIS"": 0.0, ""DATE_ENTERED"": 0.0}"
Diagnosis,DIAGNOSIS wide.csv,263518,153097.0,PATIENT_ID;PROBLEM_ID;CODE_NUMBER;DIAGNOSIS;DATE_ENTERED,"{""PATIENT_ID"": 0.0, ""PROBLEM_ID"": 0.0, ""CODE_NUMBER"": 0.0, ""DIAGNOSIS"": 0.0, ""DATE_ENTERED"": 0.0}"
Diagnosis,DIAGNOSIS TYPES TOTAL 8600.csv,8658,,DIAGNOSIS,"reference/vocab list, not patient-linked"
Diagnosis,diagnosis 760.csv,758,,Diagnosis,"reference/vocab list, not patient-linked"
Diagnosis,diagnosis 899.csv,899,,DIAGNOSIS,"reference/vocab list, not patient-linked"
Medications,M1.csv,72624,15041.0,PATIENT_ID;DISPENSED_DATE;GENERIC_NAME;QTY;DAYS_SUPPLY,"{""PATIENT_ID"": 0.0, ""DISPENSED_DATE"": 0.0, ""GENERIC_NAME"": 0.0, ""QTY"": 0.0, ""DAYS_SUPPLY"": 0.0}"
Medications,M2.csv,69716,12114.0,PATIENT_ID;DISPENSED_DATE;GENERIC_NAME;QTY;DAYS_SUPPLY,"{""PATIENT_ID"": 0.0, ""DISPENSED_DATE"": 0.0, ""GENERIC_NAME"": 0.0, ""QTY"": 0.0, ""DAYS_SUPPLY"": 0.0}"
Medications,M3.csv,63152,11685.0,PATIENT_ID;DISPENSED_DATE;GENERIC_NAME;QTY;DAYS_SUPPLY,"{""PATIENT_ID"": 0.0, ""DISPENSED_DATE"": 0.0, ""GENERIC_NAME"": 0.0, ""QTY"": 0.0, ""DAYS_SUPPLY"": 0.0}"
Medications,M4.csv,81636,18402.0,PATIENT_ID;DISPENSED_DATE;GENERIC_NAME;QTY;DAYS_SUPPLY,"{""PATIENT_ID"": 0.0, ""DISPENSED_DATE"": 0.0, ""GENERIC_NAME"": 0.0, ""QTY"": 0.0, ""DAYS_SUPPLY"": 0.0}"
Medications,M5.csv,62817,13610.0,PATIENT_ID;DISPENSED_DATE;GENERIC_NAME;QTY;DAYS_SUPPLY,"{""PATIENT_ID"": 0.0, ""DISPENSED_DATE"": 0.0, ""GENERIC_NAME"": 0.0, ""QTY"": 0.0, ""DAYS_SUPPLY"": 0.0}"
Medications,M6.csv,59269,9994.0,PATIENT_ID;DISPENSED_DATE;GENERIC_NAME;QTY;DAYS_SUPPLY,"{""PATIENT_ID"": 0.0, ""DISPENSED_DATE"": 0.0, ""GENERIC_NAME"": 0.0, ""QTY"": 0.0, ""DAYS_SUPPLY"": 0.0}"
Medications,M7.csv,76926,15096.0,PATIENT_ID;DISPENSED_DATE;GENERIC_NAME;QTY;DAYS_SUPPLY,"{""PATIENT_ID"": 0.0, ""DISPENSED_DATE"": 0.0, ""GENERIC_NAME"": 0.0, ""QTY"": 0.0, ""DAYS_SUPPLY"": 0.0}"
Medications,M8.csv,75370,18809.0,PATIENT_ID;DISPENSED_DATE;GENERIC_NAME;QTY;DAYS_SUPPLY,"{""PATIENT_ID"": 0.0, ""DISPENSED_DATE"": 0.0, ""GENERIC_NAME"": 0.0, ""QTY"": 0.0, ""DAYS_SUPPLY"": 0.0}"
Medications,M9.csv,78706,15909.0,PATIENT_ID;DISPENSED_DATE;GENERIC_NAME;QTY;DAYS_SUPPLY,"{""PATIENT_ID"": 0.0, ""DISPENSED_DATE"": 0.0, ""GENERIC_NAME"": 0.0, ""QTY"": 0.0, ""DAYS_SUPPLY"": 0.0}"
Medications,M10.csv,64696,12471.0,PATIENT_ID;DISPENSED_DATE;GENERIC_NAME;QTY;DAYS_SUPPLY;R,"{""PATIENT_ID"": 0.0, ""DISPENSED_DATE"": 0.0, ""GENERIC_NAME"": 0.0, ""QTY"": 0.0, ""DAYS_SUPPLY"": 0.0, ""R"": 0.0}"
Medications,M11.csv,92842,21749.0,PATIENT_ID;DISPENSED_DATE;GENERIC_NAME;QTY;DAYS_SUPPLY,"{""PATIENT_ID"": 0.0, ""DISPENSED_DATE"": 0.0, ""GENERIC_NAME"": 0.0, ""QTY"": 0.0, ""DAYS_SUPPLY"": 0.0}"
Medications,M12.csv,71199,17471.0,PATIENT_ID;DISPENSED_DATE;GENERIC_NAME;QTY;DAYS_SUPPLY,"{""PATIENT_ID"": 0.0, ""DISPENSED_DATE"": 0.0, ""GENERIC_NAME"": 0.0, ""QTY"": 0.0, ""DAYS_SUPPLY"": 0.0}"
Medications,M13.csv,75460,15250.0,PATIENT_ID;DISPENSED_DATE;GENERIC_NAME;QTY;DAYS_SUPPLY,"{""PATIENT_ID"": 0.0, ""DISPENSED_DATE"": 0.0, ""GENERIC_NAME"": 0.0, ""QTY"": 0.0, ""DAYS_SUPPLY"": 0.0}"
Medications,M14.csv,63553,12660.0,PATIENT_ID;DISPENSED_DATE;GENERIC_NAME;QTY;DAYS_SUPPLY,"{""PATIENT_ID"": 0.0, ""DISPENSED_DATE"": 0.0, ""GENERIC_NAME"": 0.0, ""QTY"": 0.0, ""DAYS_SUPPLY"": 0.0}"
Medications,M15.csv,83203,20196.0,PATIENT_ID;DISPENSED_DATE;GENERIC_NAME;QTY;DAYS_SUPPLY,"{""PATIENT_ID"": 0.0, ""DISPENSED_DATE"": 0.0, ""GENERIC_NAME"": 0.0, ""QTY"": 0.0, ""DAYS_SUPPLY"": 0.0}"
Medications,M16.csv,80419,17906.0,PATIENT_ID;DISPENSED_DATE;GENERIC_NAME;QTY;DAYS_SUPPLY,"{""PATIENT_ID"": 0.0, ""DISPENSED_DATE"": 0.0, ""GENERIC_NAME"": 0.0, ""QTY"": 0.0, ""DAYS_SUPPLY"": 0.0}"
Medications,M17.csv,64229,16629.0,PATIENT_ID;DISPENSED_DATE;GENERIC_NAME;QTY;DAYS_SUPPLY,"{""PATIENT_ID"": 0.0, ""DISPENSED_DATE"": 0.0, ""GENERIC_NAME"": 0.0, ""QTY"": 0.0, ""DAYS_SUPPLY"": 0.0}"
Medications,M18.csv,80007,14329.0,PATIENT_ID;DISPENSED_DATE;GENERIC_NAME;QTY;DAYS_SUPPLY,"{""PATIENT_ID"": 0.0, ""DISPENSED_DATE"": 0.0, ""GENERIC_NAME"": 0.0, ""QTY"": 0.0, ""DAYS_SUPPLY"": 0.0}"
Medications,M19.csv,56365,12615.0,PATIENT_ID;DISPENSED_DATE;GENERIC_NAME;QTY;DAYS_SUPPLY,"{""PATIENT_ID"": 0.0, ""DISPENSED_DATE"": 0.0, ""GENERIC_NAME"": 0.0, ""QTY"": 0.0, ""DAYS_SUPPLY"": 0.0}"
Medications,M20.csv,81423,20652.0,PATIENT_ID;DISPENSED_DATE;GENERIC_NAME;QTY;DAYS_SUPPLY,"{""PATIENT_ID"": 0.0, ""DISPENSED_DATE"": 0.0, ""GENERIC_NAME"": 0.0, ""QTY"": 0.0, ""DAYS_SUPPLY"": 0.0}"
Medications,M21.csv,28195,7663.0,PATIENT_ID;DISPENSED_DATE;GENERIC_NAME;QTY;DAYS_SUPPLY,"{""PATIENT_ID"": 0.0, ""DISPENSED_DATE"": 0.0, ""GENERIC_NAME"": 0.0, ""QTY"": 0.0, ""DAYS_SUPPLY"": 0.0}"
Medications,M22.csv,112487,15256.0,PATIENT_ID;DISPENSED_DATE;GENERIC_NAME;QTY,"{""PATIENT_ID"": 0.0, ""DISPENSED_DATE"": 0.0, ""GENERIC_NAME"": 0.0, ""QTY"": 0.0}"
Medications,M23.csv,116557,16827.0,PATIENT_ID;DISPENSED_DATE;GENERIC_NAME;QTY,"{""PATIENT_ID"": 0.0, ""DISPENSED_DATE"": 0.0, ""GENERIC_NAME"": 0.0, ""QTY"": 0.0}"
Medications,M24.csv,130972,21336.0,PATIENT_ID;DISPENSED_DATE;GENERIC_NAME;QTY,"{""PATIENT_ID"": 0.0, ""DISPENSED_DATE"": 0.0, ""GENERIC_NAME"": 0.0, ""QTY"": 0.0}"
Medications,M25.csv,126855,19253.0,PATIENT_ID;DISPENSED_DATE;GENERIC_NAME;QTY,"{""PATIENT_ID"": 0.0, ""DISPENSED_DATE"": 0.0, ""GENERIC_NAME"": 0.0, ""QTY"": 0.0}"
Medications,M26.csv,137814,20147.0,PATIENT_ID;DISPENSED_DATE;GENERIC_NAME;QTY,"{""PATIENT_ID"": 0.0, ""DISPENSED_DATE"": 0.0, ""GENERIC_NAME"": 0.0, ""QTY"": 0.0}"
Medications,M27.csv,134791,20440.0,PATIENT_ID;DISPENSED_DATE;GENERIC_NAME;QTY,"{""PATIENT_ID"": 0.0, ""DISPENSED_DATE"": 0.0, ""GENERIC_NAME"": 0.0, ""QTY"": 0.0}"
Medications,M28.csv,134696,21258.0,PATIENT_ID;DISPENSED_DATE;GENERIC_NAME;QTY,"{""PATIENT_ID"": 0.0, ""DISPENSED_DATE"": 0.0, ""GENERIC_NAME"": 0.0, ""QTY"": 0.0}"
Medications,M29.csv,123230,21253.0,PATIENT_ID;DISPENSED_DATE;GENERIC_NAME;QTY,"{""PATIENT_ID"": 0.0, ""DISPENSED_DATE"": 0.0, ""GENERIC_NAME"": 0.0, ""QTY"": 0.0}"
Medications,M30.csv,74896,12733.0,PATIENT_ID;DISPENSED_DATE;GENERIC_NAME;QTY,"{""PATIENT_ID"": 0.0, ""DISPENSED_DATE"": 0.0, ""GENERIC_NAME"": 0.0, ""QTY"": 0.0}"
Vitals,vitals BP.csv,701254,45276.0,PATIENT_ID;NAME;RATE,"{""PATIENT_ID"": 0.0, ""NAME"": 0.0, ""RATE"": 0.0}"
Vitals,vitals height.csv,56122,31392.0,PATIENT_ID;NAME;height inch;height cm,"{""PATIENT_ID"": 0.0, ""NAME"": 0.0, ""height inch"": 0.0, ""height cm"": 0.0}"
Vitals,vitals pulse.csv,626983,37963.0,PATIENT_ID;NAME;RATE,"{""PATIENT_ID"": 0.0, ""NAME"": 0.0, ""RATE"": 0.0}"
Vitals,vitals wt kg.csv,359091,46241.0,PATIENT_ID;NAME;wt pound;Unnamed: 3;wt kg ,"{""PATIENT_ID"": 0.0, ""NAME"": 0.0, ""wt pound"": 0.0, ""Unnamed: 3"": 0.0, ""wt kg "": 0.0}"
lab_tests,ALB 11.csv,230617,98007.0,PatientID;LAB_DATA_CHEMISTRY_RESULTS;DATE_TIME_SPECIMEN_TAKEN;LabTestName,"{""PatientID"": 0.0, ""LAB_DATA_CHEMISTRY_RESULTS"": 0.0, ""DATE_TIME_SPECIMEN_TAKEN"": 0.0, ""LabTestName"": 0.0}"
lab_tests,ALP 11.csv,319721,139733.0,PatientID;LAB_DATA_CHEMISTRY_RESULTS;DATE_TIME_SPECIMEN_TAKEN;LabTestName,"{""PatientID"": 0.0, ""LAB_DATA_CHEMISTRY_RESULTS"": 0.0, ""DATE_TIME_SPECIMEN_TAKEN"": 0.0, ""LabTestName"": 0.0}"
lab_tests,AST 11.csv,599430,188736.0,PatientID;LAB_DATA_CHEMISTRY_RESULTS;DATE_TIME_SPECIMEN_TAKEN;LabTestName,"{""PatientID"": 0.0, ""LAB_DATA_CHEMISTRY_RESULTS"": 0.0, ""DATE_TIME_SPECIMEN_TAKEN"": 0.0, ""LabTestName"": 0.0}"
lab_tests,AST 22.csv,8988,6338.0,PatientID;LAB_DATA_CHEMISTRY_RESULTS;DATE_TIME_SPECIMEN_TAKEN;LabTestName,"{""PatientID"": 0.0, ""LAB_DATA_CHEMISTRY_RESULTS"": 0.0, ""DATE_TIME_SPECIMEN_TAKEN"": 0.0, ""LabTestName"": 0.0}"
lab_tests,BILIRUBIN DIR 11.csv,308263,124120.0,PatientID;LAB_DATA_CHEMISTRY_RESULTS;DATE_TIME_SPECIMEN_TAKEN;LabTestName,"{""PatientID"": 0.0, ""LAB_DATA_CHEMISTRY_RESULTS"": 0.0, ""DATE_TIME_SPECIMEN_TAKEN"": 0.0, ""LabTestName"": 0.0}"
lab_tests,BUN 11.csv,175915,56854.0,PatientID;LAB_DATA_CHEMISTRY_RESULTS;DATE_TIME_SPECIMEN_TAKEN;LabTestName,"{""PatientID"": 0.0, ""LAB_DATA_CHEMISTRY_RESULTS"": 0.0, ""DATE_TIME_SPECIMEN_TAKEN"": 0.0, ""LabTestName"": 0.0}"
lab_tests,CK MB 11.csv,18489,12139.0,PatientID;LAB_DATA_CHEMISTRY_RESULTS;DATE_TIME_SPECIMEN_TAKEN;LabTestName,"{""PatientID"": 0.0, ""LAB_DATA_CHEMISTRY_RESULTS"": 0.0, ""DATE_TIME_SPECIMEN_TAKEN"": 0.0, ""LabTestName"": 0.0}"
lab_tests,CPK 11.csv,361181,102067.0,PatientID;LAB_DATA_CHEMISTRY_RESULTS;DATE_TIME_SPECIMEN_TAKEN;LabTestName,"{""PatientID"": 0.0, ""LAB_DATA_CHEMISTRY_RESULTS"": 0.0, ""DATE_TIME_SPECIMEN_TAKEN"": 0.0, ""LabTestName"": 0.0}"
lab_tests,CRT 11.csv,59656,7736.0,PatientID;LAB_DATA_CHEMISTRY_RESULTS;DATE_TIME_SPECIMEN_TAKEN;LabTestName,"{""PatientID"": 0.0, ""LAB_DATA_CHEMISTRY_RESULTS"": 0.0, ""DATE_TIME_SPECIMEN_TAKEN"": 0.0, ""LabTestName"": 0.0}"
lab_tests,CRT 22.csv,1000000,184644.0,PatientID;LAB_DATA_CHEMISTRY_RESULTS;DATE_TIME_SPECIMEN_TAKEN;LabTestName,"{""PatientID"": 0.0, ""LAB_DATA_CHEMISTRY_RESULTS"": 0.0, ""DATE_TIME_SPECIMEN_TAKEN"": 0.0, ""LabTestName"": 0.0}"
lab_tests,CRT 33.csv,136636,43412.0,PatientID;LAB_DATA_CHEMISTRY_RESULTS;DATE_TIME_SPECIMEN_TAKEN;LabTestName,"{""PatientID"": 0.0, ""LAB_DATA_CHEMISTRY_RESULTS"": 0.0, ""DATE_TIME_SPECIMEN_TAKEN"": 0.0, ""LabTestName"": 0.0}"
lab_tests,D DIMER 11.csv,24373,13354.0,PatientID;LAB_DATA_CHEMISTRY_RESULTS;DATE_TIME_SPECIMEN_TAKEN;LabTestName,"{""PatientID"": 0.0, ""LAB_DATA_CHEMISTRY_RESULTS"": 0.0, ""DATE_TIME_SPECIMEN_TAKEN"": 0.0, ""LabTestName"": 0.0}"
lab_tests,FBS 11.csv,39815,7251.0,PatientID;LAB_DATA_CHEMISTRY_RESULTS;DATE_TIME_SPECIMEN_TAKEN;LabTestName,"{""PatientID"": 0.0, ""LAB_DATA_CHEMISTRY_RESULTS"": 0.0, ""DATE_TIME_SPECIMEN_TAKEN"": 0.0, ""LabTestName"": 0.0}"
lab_tests,FBS 22.csv,870055,209755.0,PatientID;LAB_DATA_CHEMISTRY_RESULTS;DATE_TIME_SPECIMEN_TAKEN;LabTestName,"{""PatientID"": 0.0, ""LAB_DATA_CHEMISTRY_RESULTS"": 0.0, ""DATE_TIME_SPECIMEN_TAKEN"": 0.0, ""LabTestName"": 0.0}"
lab_tests,HB 11.csv,538239,34912.0,PatientID;LAB_DATA_CHEMISTRY_RESULTS;DATE_TIME_SPECIMEN_TAKEN;LabTestName,"{""PatientID"": 0.0, ""LAB_DATA_CHEMISTRY_RESULTS"": 0.0, ""DATE_TIME_SPECIMEN_TAKEN"": 0.0, ""LabTestName"": 0.0}"
lab_tests,HB 22.csv,791792,100210.0,PatientID;LAB_DATA_CHEMISTRY_RESULTS;DATE_TIME_SPECIMEN_TAKEN;LabTestName,"{""PatientID"": 0.0, ""LAB_DATA_CHEMISTRY_RESULTS"": 0.0, ""DATE_TIME_SPECIMEN_TAKEN"": 0.0, ""LabTestName"": 0.0}"
lab_tests,HBA1C 11.csv,179562,38749.0,PatientID;LAB_DATA_CHEMISTRY_RESULTS;DATE_TIME_SPECIMEN_TAKEN;LabTestName,"{""PatientID"": 0.0, ""LAB_DATA_CHEMISTRY_RESULTS"": 0.0, ""DATE_TIME_SPECIMEN_TAKEN"": 0.0, ""LabTestName"": 0.0}"
lab_tests,HBA1C 22.csv,960185,343724.0,PatientID;LAB_DATA_CHEMISTRY_RESULTS;DATE_TIME_SPECIMEN_TAKEN;LabTestName,"{""PatientID"": 0.0, ""LAB_DATA_CHEMISTRY_RESULTS"": 0.0, ""DATE_TIME_SPECIMEN_TAKEN"": 0.01, ""LabTestName"": 0.0}"
lab_tests,HDL D.csv,267907,125045.0,PatientID;LAB_DATA_CHEMISTRY_RESULTS;DATE_TIME_SPECIMEN_TAKEN;LabTestName,"{""PatientID"": 0.0, ""LAB_DATA_CHEMISTRY_RESULTS"": 0.0, ""DATE_TIME_SPECIMEN_TAKEN"": 0.0, ""LabTestName"": 0.0}"
lab_tests,INR 11.csv,312260,101094.0,PatientID;LAB_DATA_CHEMISTRY_RESULTS;DATE_TIME_SPECIMEN_TAKEN;LabTestName,"{""PatientID"": 0.0, ""LAB_DATA_CHEMISTRY_RESULTS"": 0.0, ""DATE_TIME_SPECIMEN_TAKEN"": 0.0, ""LabTestName"": 0.0}"
lab_tests,LDH 11.csv,100774,50068.0,PatientID;LAB_DATA_CHEMISTRY_RESULTS;DATE_TIME_SPECIMEN_TAKEN;LabTestName,"{""PatientID"": 0.0, ""LAB_DATA_CHEMISTRY_RESULTS"": 0.0, ""DATE_TIME_SPECIMEN_TAKEN"": 0.0, ""LabTestName"": 0.0}"
lab_tests,LDH 22.csv,47524,27205.0,PatientID;LAB_DATA_CHEMISTRY_RESULTS;DATE_TIME_SPECIMEN_TAKEN;LabTestName,"{""PatientID"": 0.0, ""LAB_DATA_CHEMISTRY_RESULTS"": 0.0, ""DATE_TIME_SPECIMEN_TAKEN"": 0.0, ""LabTestName"": 0.0}"
lab_tests,LDL D .csv,252440,122109.0,PatientID;LAB_DATA_CHEMISTRY_RESULTS;DATE_TIME_SPECIMEN_TAKEN;LabTestName,"{""PatientID"": 0.0, ""LAB_DATA_CHEMISTRY_RESULTS"": 0.0, ""DATE_TIME_SPECIMEN_TAKEN"": 0.0, ""LabTestName"": 0.0}"
lab_tests,MCH 11.csv,240914,13623.0,PatientID;LAB_DATA_CHEMISTRY_RESULTS;DATE_TIME_SPECIMEN_TAKEN;LabTestName,"{""PatientID"": 0.0, ""LAB_DATA_CHEMISTRY_RESULTS"": 0.0, ""DATE_TIME_SPECIMEN_TAKEN"": 0.0, ""LabTestName"": 0.0}"
lab_tests,MCH 22.csv,1000000,100587.0,PatientID;LAB_DATA_CHEMISTRY_RESULTS;DATE_TIME_SPECIMEN_TAKEN;LabTestName,"{""PatientID"": 0.0, ""LAB_DATA_CHEMISTRY_RESULTS"": 0.0, ""DATE_TIME_SPECIMEN_TAKEN"": 0.0, ""LabTestName"": 0.0}"
lab_tests,MCH 33.csv,182673,43966.0,PatientID;LAB_DATA_CHEMISTRY_RESULTS;DATE_TIME_SPECIMEN_TAKEN;LabTestName,"{""PatientID"": 0.0, ""LAB_DATA_CHEMISTRY_RESULTS"": 0.0, ""DATE_TIME_SPECIMEN_TAKEN"": 0.0, ""LabTestName"": 0.0}"
lab_tests,MCHC 11.csv,817327,61906.0,PatientID;LAB_DATA_CHEMISTRY_RESULTS;DATE_TIME_SPECIMEN_TAKEN;LabTestName,"{""PatientID"": 0.0, ""LAB_DATA_CHEMISTRY_RESULTS"": 0.0, ""DATE_TIME_SPECIMEN_TAKEN"": 0.0, ""LabTestName"": 0.0}"
lab_tests,MCHC 22.csv,461761,73179.0,PatientID;LAB_DATA_CHEMISTRY_RESULTS;DATE_TIME_SPECIMEN_TAKEN;LabTestName,"{""PatientID"": 0.0, ""LAB_DATA_CHEMISTRY_RESULTS"": 0.0, ""DATE_TIME_SPECIMEN_TAKEN"": 0.0, ""LabTestName"": 0.0}"
lab_tests,MCV 11.csv,562496,38020.0,PatientID;LAB_DATA_CHEMISTRY_RESULTS;DATE_TIME_SPECIMEN_TAKEN;LabTestName,"{""PatientID"": 0.0, ""LAB_DATA_CHEMISTRY_RESULTS"": 0.0, ""DATE_TIME_SPECIMEN_TAKEN"": 0.0, ""LabTestName"": 0.0}"
lab_tests,MCV 22 .csv,759086,99484.0,PatientID;LAB_DATA_CHEMISTRY_RESULTS;DATE_TIME_SPECIMEN_TAKEN;LabTestName,"{""PatientID"": 0.0, ""LAB_DATA_CHEMISTRY_RESULTS"": 0.0, ""DATE_TIME_SPECIMEN_TAKEN"": 0.0, ""LabTestName"": 0.0}"
lab_tests,MG 11.csv,29171,19896.0,PatientID;LAB_DATA_CHEMISTRY_RESULTS;DATE_TIME_SPECIMEN_TAKEN;LabTestName,"{""PatientID"": 0.0, ""LAB_DATA_CHEMISTRY_RESULTS"": 0.0, ""DATE_TIME_SPECIMEN_TAKEN"": 0.0, ""LabTestName"": 0.0}"
lab_tests,NA 11.csv,50051,6807.0,PatientID;LAB_DATA_CHEMISTRY_RESULTS;DATE_TIME_SPECIMEN_TAKEN;LabTestName,"{""PatientID"": 0.0, ""LAB_DATA_CHEMISTRY_RESULTS"": 0.0, ""DATE_TIME_SPECIMEN_TAKEN"": 0.0, ""LabTestName"": 0.0}"
lab_tests,NA 22.csv,944038,197955.0,PatientID;LAB_DATA_CHEMISTRY_RESULTS;DATE_TIME_SPECIMEN_TAKEN;LabTestName,"{""PatientID"": 0.0, ""LAB_DATA_CHEMISTRY_RESULTS"": 0.0, ""DATE_TIME_SPECIMEN_TAKEN"": 0.0, ""LabTestName"": 0.0}"
lab_tests,P 11.csv,55962,7713.0,PatientID;LAB_DATA_CHEMISTRY_RESULTS;DATE_TIME_SPECIMEN_TAKEN;LabTestName,"{""PatientID"": 0.0, ""LAB_DATA_CHEMISTRY_RESULTS"": 0.0, ""DATE_TIME_SPECIMEN_TAKEN"": 0.0, ""LabTestName"": 0.0}"
lab_tests,P 22.csv,940344,196903.0,PatientID;LAB_DATA_CHEMISTRY_RESULTS;DATE_TIME_SPECIMEN_TAKEN;LabTestName,"{""PatientID"": 0.0, ""LAB_DATA_CHEMISTRY_RESULTS"": 0.0, ""DATE_TIME_SPECIMEN_TAKEN"": 0.0, ""LabTestName"": 0.0}"
lab_tests,PLT 11.csv,918346,67005.0,PatientID;LAB_DATA_CHEMISTRY_RESULTS;DATE_TIME_SPECIMEN_TAKEN;LabTestName,"{""PatientID"": 0.0, ""LAB_DATA_CHEMISTRY_RESULTS"": 0.0, ""DATE_TIME_SPECIMEN_TAKEN"": 0.0, ""LabTestName"": 0.0}"
lab_tests,PLT 22.csv,437504,70573.0,PatientID;LAB_DATA_CHEMISTRY_RESULTS;DATE_TIME_SPECIMEN_TAKEN;LabTestName,"{""PatientID"": 0.0, ""LAB_DATA_CHEMISTRY_RESULTS"": 0.0, ""DATE_TIME_SPECIMEN_TAKEN"": 0.0, ""LabTestName"": 0.0}"
lab_tests,PT 11.csv,313931,101605.0,PatientID;LAB_DATA_CHEMISTRY_RESULTS;DATE_TIME_SPECIMEN_TAKEN;LabTestName,"{""PatientID"": 0.0, ""LAB_DATA_CHEMISTRY_RESULTS"": 0.0, ""DATE_TIME_SPECIMEN_TAKEN"": 0.0, ""LabTestName"": 0.0}"
lab_tests,RBC 11.csv,244407,13230.0,PatientID;LAB_DATA_CHEMISTRY_RESULTS;DATE_TIME_SPECIMEN_TAKEN;LabTestName,"{""PatientID"": 0.0, ""LAB_DATA_CHEMISTRY_RESULTS"": 0.0, ""DATE_TIME_SPECIMEN_TAKEN"": 0.0, ""LabTestName"": 0.0}"
lab_tests,RBC 22.csv,1000000,101019.0,PatientID;LAB_DATA_CHEMISTRY_RESULTS;DATE_TIME_SPECIMEN_TAKEN;LabTestName,"{""PatientID"": 0.0, ""LAB_DATA_CHEMISTRY_RESULTS"": 0.0, ""DATE_TIME_SPECIMEN_TAKEN"": 0.0, ""LabTestName"": 0.0}"
lab_tests,RBC 33.csv,81654,23260.0,PatientID;LAB_DATA_CHEMISTRY_RESULTS;DATE_TIME_SPECIMEN_TAKEN;LabTestName,"{""PatientID"": 0.0, ""LAB_DATA_CHEMISTRY_RESULTS"": 0.0, ""DATE_TIME_SPECIMEN_TAKEN"": 0.0, ""LabTestName"": 0.0}"
lab_tests,RBS 11.csv,148623,58672.0,PatientID;LAB_DATA_CHEMISTRY_RESULTS;DATE_TIME_SPECIMEN_TAKEN;LabTestName,"{""PatientID"": 0.0, ""LAB_DATA_CHEMISTRY_RESULTS"": 0.0, ""DATE_TIME_SPECIMEN_TAKEN"": 0.0, ""LabTestName"": 0.0}"
lab_tests,TRIG 1 D.csv,368967,114361.0,PatientID;LAB_DATA_CHEMISTRY_RESULTS;DATE_TIME_SPECIMEN_TAKEN;LabTestName,"{""PatientID"": 0.0, ""LAB_DATA_CHEMISTRY_RESULTS"": 0.0, ""DATE_TIME_SPECIMEN_TAKEN"": 0.0, ""LabTestName"": 0.0}"
lab_tests,TRIG 2 D.csv,98665,50906.0,PatientID;LAB_DATA_CHEMISTRY_RESULTS;DATE_TIME_SPECIMEN_TAKEN;LabTestName,"{""PatientID"": 0.0, ""LAB_DATA_CHEMISTRY_RESULTS"": 0.0, ""DATE_TIME_SPECIMEN_TAKEN"": 0.0, ""LabTestName"": 0.0}"
lab_tests,TROPONIN 11.csv,291778,85320.0,PatientID;LAB_DATA_CHEMISTRY_RESULTS;DATE_TIME_SPECIMEN_TAKEN;LabTestName,"{""PatientID"": 0.0, ""LAB_DATA_CHEMISTRY_RESULTS"": 0.0, ""DATE_TIME_SPECIMEN_TAKEN"": 0.0, ""LabTestName"": 0.0}"
lab_tests,TSH 11.csv,359264,139057.0,PatientID;LAB_DATA_CHEMISTRY_RESULTS;DATE_TIME_SPECIMEN_TAKEN;LabTestName,"{""PatientID"": 0.0, ""LAB_DATA_CHEMISTRY_RESULTS"": 0.0, ""DATE_TIME_SPECIMEN_TAKEN"": 0.0, ""LabTestName"": 0.0}"
lab_tests,UREA SERUM 11.csv,654197,150705.0,PatientID;LAB_DATA_CHEMISTRY_RESULTS;DATE_TIME_SPECIMEN_TAKEN;LabTestName,"{""PatientID"": 0.0, ""LAB_DATA_CHEMISTRY_RESULTS"": 0.0, ""DATE_TIME_SPECIMEN_TAKEN"": 0.0, ""LabTestName"": 0.0}"
lab_tests,URINE PROTEIN 22.csv,295752,114609.0,PatientID;LAB_DATA_CHEMISTRY_RESULTS;DATE_TIME_SPECIMEN_TAKEN;LabTestName,"{""PatientID"": 0.0, ""LAB_DATA_CHEMISTRY_RESULTS"": 0.0, ""DATE_TIME_SPECIMEN_TAKEN"": 0.0, ""LabTestName"": 0.0}"
lab_tests,URINE RROTEIN 11.csv,132411,44183.0,PatientID;LAB_DATA_CHEMISTRY_RESULTS;DATE_TIME_SPECIMEN_TAKEN;LabTestName,"{""PatientID"": 0.0, ""LAB_DATA_CHEMISTRY_RESULTS"": 0.0, ""DATE_TIME_SPECIMEN_TAKEN"": 0.0, ""LabTestName"": 0.0}"
lab_tests,WBC 11.csv,548433,35688.0,PatientID;LAB_DATA_CHEMISTRY_RESULTS;DATE_TIME_SPECIMEN_TAKEN;LabTestName,"{""PatientID"": 0.0, ""LAB_DATA_CHEMISTRY_RESULTS"": 0.0, ""DATE_TIME_SPECIMEN_TAKEN"": 0.0, ""LabTestName"": 0.0}"
lab_tests,WBC 22.csv,755593,97035.0,PatientID;LAB_DATA_CHEMISTRY_RESULTS;DATE_TIME_SPECIMEN_TAKEN;LabTestName,"{""PatientID"": 0.0, ""LAB_DATA_CHEMISTRY_RESULTS"": 0.0, ""DATE_TIME_SPECIMEN_TAKEN"": 0.0, ""LabTestName"": 0.0}"
lab_tests,CHOL 1 D.xlsx,375372,113757.0,PatientID;LAB_DATA_CHEMISTRY_RESULTS;DATE_TIME_SPECIMEN_TAKEN;LabTestName,"{""PatientID"": 0.0, ""LAB_DATA_CHEMISTRY_RESULTS"": 0.0, ""DATE_TIME_SPECIMEN_TAKEN"": 0.0, ""LabTestName"": 0.0}"
lab_tests,CHOL 2 D.xlsx,108533,54272.0,PatientID;LAB_DATA_CHEMISTRY_RESULTS;DATE_TIME_SPECIMEN_TAKEN;LabTestName,"{""PatientID"": 0.0, ""LAB_DATA_CHEMISTRY_RESULTS"": 0.0, ""DATE_TIME_SPECIMEN_TAKEN"": 0.0, ""LabTestName"": 0.0}"
